Model,Train RMSE,Test RMSE,Train R²,Test R²
Linear Regression,11483.441789116574,14996.14561045557,0.9784129330796822,0.9658474089784771
Decision Tree,0.0,23658.59529592026,1.0,0.9149954308197915
Random Forest,5557.943018573556,12910.835433476106,0.9949431779472496,0.9746852844955783
KNN,35847.3327858534,44254.68181544109,0.789639988175987,0.7025713463506538
