Model,Train RMSE,Test RMSE,Train R²,Test R²
Linear Regression,10649.854895331016,30824.891109822885,0.9809242541836061,0.8814882155840311
Decision Tree,0.0,28934.004522944768,1.0,0.8955819628459644
Random Forest,7995.674079104586,21575.306818828376,0.9892476272433168,0.9419406197084152
KNN,40107.980130205586,52452.623662807855,0.729444898039165,0.6568429957860388
