Model,Train RMSE,Test RMSE,Train R²,Test R²
Linear Regression,10590.297210864514,23733.60920291349,0.981137013983326,0.9297435811234566
Decision Tree,0.0,19849.711219518875,1.0,0.9508564165884964
Random Forest,6478.832465291906,16536.97114663453,0.9929402772571534,0.965890891197496
KNN,36668.91502171158,47591.98176055855,0.7738532942459523,0.7174950811125502
