Model,Train RMSE,Test RMSE,Train R²,Test R²
Linear Regression,10598.52550478976,142650.57465510335,0.9811076908233368,-1.538081047321815
Decision Tree,0.0,24155.41713175067,1.0,0.9272241111824808
Random Forest,7497.112245723937,20902.641599381335,0.9905467276108598,0.945504482218578
KNN,38826.427546543564,49566.92424605268,0.7464585259553125,0.69356217132889
