Model,Train RMSE,Test RMSE,Train R²,Test R²
Linear Regression,10625.912581479968,84046.2697333526,0.9810107508478105,0.12036308822899144
Decision Tree,0.0,30408.278163114508,1.0,0.884853638707735
Random Forest,7623.733049664929,22082.50452359767,0.9902251370513696,0.9392756023007874
KNN,38861.34631277364,48377.11245122402,0.7460132856980004,0.7085618209276039
