Model,Train RMSE,Test RMSE,Train R²,Test R²
Linear Regression,10624.347023954086,123064.26472978613,0.9810373058205522,-0.8874697868819739
Decision Tree,0.0,27345.249393784645,1.0,0.9068077358758838
Random Forest,8049.448268523709,20857.25993017589,0.9891150165513726,0.9457836104645531
KNN,36653.26914036525,46833.96794568844,0.7743054991538654,0.7266380934887795
