Model,Train RMSE,Test RMSE,Train R²,Test R²
Linear Regression,16397.37596693739,18721.129037165898,0.95477871960856,0.956285802661047
Decision Tree,0.0,20682.952400591155,1.0,0.9466439709881865
Random Forest,6555.36677702074,16846.5502649365,0.9927724993850138,0.9646018635280053
KNN,37952.794290989485,50580.174543010085,0.7577400301552413,0.6809056735490318
