Model,Train RMSE,Test RMSE,Train R²,Test R²
Linear Regression,11555.015572544391,13437.644121774869,0.9783605233889989,0.9722004623698615
Decision Tree,0.0,19785.34322980773,1.0,0.9397331517946967
Random Forest,5794.634896980524,12155.641812473696,0.9945580087740851,0.9772517972190087
KNN,36774.126609004285,42411.79308637072,0.7808253023648055,0.7230734659446989
