Model,Train RMSE,Test RMSE,Train R²,Test R²
Linear Regression,15228.981294315372,15677.162594359297,0.9624987595052169,0.9586424324973465
Decision Tree,0.0,8701.62917772323,1.0,0.9872584810174694
Random Forest,2332.3637070915715,6140.346168567104,0.9991203772011098,0.9936553777000983
KNN,33578.65736599691,40464.305560937726,0.8176815661926436,0.7244729482579393
