Model,Train RMSE,Test RMSE,Train R²,Test R²
Linear Regression,10717.110974577348,38350.754727775864,0.9806825586927255,0.816554836857271
Decision Tree,0.0,25015.972753225135,1.0,0.921946348411883
Random Forest,7862.679611520314,20777.818288448558,0.9896023473616967,0.9461533954585405
KNN,39619.733327306014,51584.04030004091,0.7359919059079112,0.6681138377210833
