Model,Train RMSE,Test RMSE,Train R²,Test R²
Linear Regression,10640.196065451286,123926.25938948325,0.9809588397875368,-0.9155130594312093
Decision Tree,0.0,28124.21250641166,1.0,0.9013449827899879
Random Forest,7809.755723296117,20536.178872830646,0.9897418499854623,0.9473985504880984
KNN,40392.99847032806,51050.88373309081,0.7255859572744137,0.6749389274141229
