Model,Train RMSE,Test RMSE,Train R²,Test R²
Linear Regression,17373.396274783383,19633.641079438854,0.9493199510286834,0.95186808719283
Decision Tree,0.0,24168.823649478345,1.0,0.9270639142989955
Random Forest,7350.872375953631,19374.266001306736,0.9909271163858205,0.9531314041357899
KNN,41958.97706012648,54039.06387010933,0.7043912003451938,0.6353744808323045
