Model,Train RMSE,Test RMSE,Train R²,Test R²
Linear Regression,16419.571398634493,18834.449914047917,0.9547082419393078,0.9557898521707626
Decision Tree,0.0,21363.316516762832,1.0,0.9431208056942063
Random Forest,7152.894970780899,18578.085848725295,0.9914047355723102,0.9569851892206256
KNN,37999.9584996572,50138.79757672275,0.7574162025161052,0.6866974605292252
