Model,Train RMSE,Test RMSE,Train R²,Test R²
Linear Regression,0.009557217316225473,0.01046231380459752,0.9999999999999819,0.9999999999999823
Decision Tree,0.0,15409.848907608966,1.0,0.9617157260270582
Random Forest,3878.81477198551,9063.162529057152,0.9970172835621715,0.9867570972150925
KNN,25894.87995014517,30918.650218919527,0.8670642807286959,0.845877974920993
