Model,Train RMSE,Test RMSE,Train R²,Test R²
Linear Regression,11624.938175677247,12978.478131543638,0.9783588157196654,0.9736278225779285
Decision Tree,0.0,17580.363549193156,1.0,0.9516101636957863
Random Forest,5585.120554290573,11658.971142329336,0.9950046626479444,0.978717683171305
KNN,36203.273219203904,41547.0324633883,0.7901082371635396,0.7297420562276057
