Model,Train RMSE,Test RMSE,Train R²,Test R²
Linear Regression,10582.389216483416,255694.56010788548,0.9811680592880205,-7.123378179077644
Decision Tree,0.0,38647.70680457965,1.0,0.8144157335894793
Random Forest,7674.919041493937,22259.94819209639,0.9900945268995622,0.9384338503818017
KNN,37160.64654180017,45972.6753612623,0.7677829306508444,0.7374008892229746
