Model,Train RMSE,Test RMSE,Train R²,Test R²
LinearRegression,18786.44272399008,35230.00029307772,0.9406414544051138,0.8451954473679423
DecisionTreeRegressor,450.25069278744235,35129.202706890814,0.9999659040398153,0.8460800118120275
RandomForestRegressor,9987.052138315836,27003.369070216046,0.9832247585386866,0.9090517515546999
KNeighborsRegressor,34501.8350876032,42466.89312671985,0.7997933329499003,0.7750637692000604
